Granite Gear eVent Uberlight Drysack (18L), $52.95, 21 gm 0.7 oz 0.05 lb, 18 Liters, Purges Air, Waterproof
Outdoor Research Durable Stuff Sack (20L), $21.00, 108 gm 3.8 oz 0.24 lb, 20 Liters, No Compression, Water Resistent
Granite Gear Air Compressor (XS - 8L), $27.95, 43 gm 1.5 oz 0.09 lb, 8 Liters, Compression Straps, Water Resistent
Granite Gear Air Compressor (SM - 11L), $29.95, 63 gm 2.2 oz 0.14 lb, 11 Liters, Compression Straps, Water Resistent
Granite Gear Air Compressor (MD - 16L), $31.95, 70 gm 2.5 oz 0.15 lb, 16 Liters, Compression Straps, Water Resistent
Granite Gear Air Compressor (LG - 23L), $35.95, 83 gm 2.9 oz 0.18 lb, 23 Liters, Compression Straps, Water Resistent
Granite Gear Block Solid Compression Sack (XS - 9L), $24.95, 92 gm 3.2 oz 0.20 lb, 9 Liters, Compression Straps, Water Resistent
Granite Gear Block Solid Compression Sack (SM - 11L), $26.95, 100 gm 3.5 oz 0.22 lb, 11 Liters, Compression Straps, Water Resistent
Granite Gear Block Solid Compression Sack (MD - 16L), $29.95, 115 gm 4.1 oz 0.25 lb, 16 Liters, Compression Straps, Water Resistent
Granite Gear Block Solid Compression Sack (LG - 22L), $31.95, 132 gm 4.7 oz 0.29 lb, 22 Liters, Compression Straps, Water Resistent
Granite Gear Block Solid Compression Sack (XL - 31L), $34.95, 150 gm 5.3 oz 0.33 lb, 31 Liters, Compression Straps, Water Resistent
Granite Gear Block Solid Compression Sack (2XL - 50L), $37.95, 175 gm 6.2 oz 0.39 lb, 50 Liters, Compression Straps, Water Resistent
Granite Gear eVent Sil Compression Drysack (XS - 10L), $30.95, 78 gm 2.8 oz 0.17 lb, 10 Liters, Compression Straps + Purges Air, Water Resistent
Granite Gear eVent Sil Compression Drysack (SM - 13L), $32.95, 83 gm 2.9 oz 0.18 lb, 13 Liters, Compression Straps + Purges Air, Water Resistent
Granite Gear eVent Sil Compression Drysack (MD - 18L), $36.95, 95 gm 3.4 oz 0.21 lb, 18 Liters, Compression Straps + Purges Air, Water Resistent
Granite Gear eVent Sil Compression Drysack (LG - 25L), $39.95, 107 gm 3.8 oz 0.24 lb, 25 Liters, Compression Straps + Purges Air, Water Resistent
Granite Gear Round Rock Solid Compression Sack (XS - 9L), $24.95, 108 gm 3.8 oz 0.24 lb, 9 Liters, Compression Straps, Water Resistent
Granite Gear Round Rock Solid Compression Sack (S - 11L), $26.95, 136 gm 4.8 oz 0.30 lb, 11 Liters, Compression Straps, Water Resistent
Granite Gear Round Rock Solid Compression Sack (M - 16L), $29.95, 144 gm 5.1 oz 0.32 lb, 16 Liters, Compression Straps, Water Resistent
Granite Gear Round Rock Solid Compression Sack (L - 22L), $32.95, 173 gm 6.1 oz 0.38 lb, 22 Liters, Compression Straps, Water Resistent
Granite Gear Round Rock Solid Compression Sack (XL - 31L), $34.95, 196 gm 6.9 oz 0.43 lb, 31 Liters, Compression Straps, Water Resistent
Granite Gear Round Rock Solid Compression Sack (XXL - 50L), $37.95, 241 gm 8.5 oz 0.53 lb, 50 Liters, Compression Straps, Water Resistent
Granite Gear Drysack (XXS - 7L), $13.95, 51 gm 1.8 oz 0.11 lb, 7 Liters, No Compression, Waterproof
Granite Gear Drysack (XS - 10L), $15.95, 54 gm 1.9 oz 0.12 lb, 10 Liters, No Compression, Waterproof
Granite Gear Drysack (S - 13L), $17.95, 58 gm 2.0 oz 0.13 lb, 13 Liters, No Compression, Waterproof
Granite Gear Drysack (M - 18L), $19.95, 78 gm 2.8 oz 0.17 lb, 18 Liters, No Compression, Waterproof
Granite Gear Drysack (L - 25L), $21.95, 86 gm 3.0 oz 0.19 lb, 25 Liters, No Compression, Waterproof
Granite Gear Drysack (XL- 33L), $23.95, 94 gm 3.3 oz 0.21 lb, 33 Liters, No Compression, Waterproof
Granite Gear eVent Sil Drysack (XXS - 7L), $20.95, 33 gm 1.2 oz 0.07 lb, 7 Liters, No Compression, Waterproof
Granite Gear eVent Sil Drysack (XS - 10L), $22.95, 37 gm 1.3 oz 0.08 lb, 10 Liters, Purges Air, Waterproof
Granite Gear eVent Sil Drysack (S - 13L), $25.95, 41 gm 1.4 oz 0.09 lb, 13 Liters, Purges Air, Waterproof
Granite Gear eVent Sil Drysack (M - 18L), $29.95, 48 gm 1.7 oz 0.11 lb, 18 Liters, Purges Air, Waterproof
Granite Gear eVent Sil Drysack (L - 25L), $34.95, 56 gm 2.0 oz 0.12 lb, 25 Liters, Purges Air, Waterproof
Granite Gear eVent Sil Ultra-Duty PackLiner (M - 50-65L), $45.95, 163 gm 5.7 oz 0.36 lb, 65 Liters, Purges Air, Waterproof
Granite Gear eVent Sil Ultra-Duty PackLiner (L - 65-90L), $52.95, 199 gm 7.0 oz 0.44 lb, 90 Liters, Purges Air, Waterproof
Granite Gear eVent Sil Ultra-Duty PackLiner (XL - 90-120L), $59.95, 210 gm 7.4 oz 0.46 lb, 120 Liters, Purges Air, Waterproof
Granite Gear eVent Uberlight Drysack (7L), $41.95, 15 gm 0.5 oz 0.03 lb, 7 Liters, Purges Air, Waterproof
Granite Gear eVent Uberlight Drysack (10L), $44.95, 17 gm 0.6 oz 0.04 lb, 10 Liters, Purges Air, Waterproof
Granite Gear eVent Uberlight Drysack (13L), $49.95, 19 gm 0.7 oz 0.04 lb, 13 Liters, Purges Air, Waterproof
Granite Gear Air Bag (#1 - 2L), $8.95, 12 gm 0.4 oz 0.03 lb, 2 Liters, No Compression, Water Resistent
Granite Gear Air Bag (#2 - 3.3L), $9.95, 14 gm 0.5 oz 0.03 lb, 3.3 Liters, No Compression, Water Resistent
Granite Gear Air Bag (#3 - 4.9L), $10.95, 19 gm 0.7 oz 0.04 lb, 4.9 Liters, No Compression, Water Resistent
Granite Gear Air Bag (#4 - 7L), $11.95, 20 gm 0.7 oz 0.04 lb, 7 Liters, No Compression, Water Resistent
Granite Gear Air Bag (#5 - 10.5L), $13.95, 27 gm 0.9 oz 0.06 lb, 10.5 Liters, No Compression, Water Resistent
Granite Gear Air Bag (#6 - 16L), $15.95, 30 gm 1.0 oz 0.07 lb, 16 Liters, No Compression, Water Resistent
Granite Gear Air Pair (S - 2L), $12.95, 14 gm 0.5 oz 0.03 lb, 2 Liters, No Compression, Water Resistent
Granite Gear Air Pair (M - 3.3L), $13.95, 16 gm 0.6 oz 0.04 lb, 3.3 Liters, No Compression, Water Resistent
Granite Gear Air Pair (L - 4L), $14.95, 19 gm 0.7 oz 0.04 lb, 4 Liters, No Compression, Water Resistent
Granite Gear Air Pair (XL - 6L), $16.95, 21 gm 0.7 oz 0.05 lb, 6 Liters, No Compression, Water Resistent
Granite Gear Pillowsack, $19.95, 57 gm 2.0 oz 0.13 lb, 5.9 Liters, No Compression, Water Resistent
Granite Gear Toughsack (#1 - 2L), $7.95, 19 gm 0.7 oz 0.04 lb, 2 Liters, No Compression, Water Resistent
Granite Gear Toughsack (#2 - 3L), $8.95, 23 gm 0.8 oz 0.05 lb, 3 Liters, No Compression, Water Resistent
Granite Gear Toughsack (#3 - 5L), $9.95, 27 gm 1.0 oz 0.06 lb, 5 Liters, No Compression, Water Resistent
Granite Gear Toughsack (#4 - 7.5L), $10.95, 34 gm 1.2 oz 0.07 lb, 7.5 Liters, No Compression, Water Resistent
Granite Gear Toughsack (#5 - 12L), $11.95, 40 gm 1.4 oz 0.09 lb, 12 Liters, No Compression, Water Resistent
Granite Gear Toughsack (#6 - 16L), $12.95, 48 gm 1.7 oz 0.11 lb, 16 Liters, No Compression, Water Resistent
Granite Gear Toughsack (#7 - 23L), $14.95, 62 gm 2.2 oz 0.14 lb, 23 Liters, No Compression, Water Resistent
Granite Gear Toughsack (#8 - 30L), $15.95, 68 gm 2.4 oz 0.15 lb, 30 Liters, No Compression, Water Resistent
Granite Gear Toughsack (#9 - 11L), $14.95, 43 gm 1.5 oz 0.09 lb, 11 Liters, No Compression, Water Resistent
Granite Gear Toughsack (#10 - 16L), $15.95, 48 gm 1.7 oz 0.11 lb, 16 Liters, No Compression, Water Resistent
Outdoor Research Durable Dry Sack (5L), $19.50, 77 gm 2.7 oz 0.17 lb, 5 Liters, No Compression, Waterproof
Outdoor Research Durable Dry Sack (10L), $22.50, 94 gm 3.3 oz 0.21 lb, 10 Liters, No Compression, Waterproof
Outdoor Research Durable Dry Sack (15L), $25.00, 116 gm 4.1 oz 0.26 lb, 15 Liters, No Compression, Waterproof
Outdoor Research Durable Dry Sack (20L), $27.50, 128 gm 4.5 oz 0.28 lb, 20 Liters, No Compression, Waterproof
Outdoor Research Durable Dry Sack (35L), $32.00, 170 gm 6.0 oz 0.38 lb, 35 Liters, No Compression, Waterproof
Outdoor Research Durable Dry Sack (55L), $34.50, 210 gm 7.4 oz 0.46 lb, 55 Liters, No Compression, Waterproof
Outdoor Research Lightweight Dry Sack (5L), $13.50, 40 gm 1.4 oz 0.09 lb, 5 Liters, No Compression, Waterproof
Outdoor Research Lightweight Dry Sack (10L), $15.50, 48 gm 1.7 oz 0.11 lb, 10 Liters, No Compression, Waterproof
Outdoor Research Lightweight Dry Sack (15L), $18.00, 54 gm 1.9 oz 0.12 lb, 15 Liters, No Compression, Waterproof
Outdoor Research Lightweight Dry Sack (20L), $20.00, 62 gm 2.2 oz 0.14 lb, 20 Liters, No Compression, Waterproof
Outdoor Research Lightweight Dry Sack (35L), $24.00, 85 gm 3.0 oz 0.19 lb, 35 Liters, No Compression, Waterproof
Outdoor Research Ultralight Dry Sack (1L), $10.50, 23 gm 0.8 oz 0.05 lb, 1 Liters, No Compression, Waterproof
Outdoor Research Ultralight Dry Sack (2.5L), $12.50, 26 gm 0.9 oz 0.06 lb, 2.5 Liters, No Compression, Waterproof
Outdoor Research Ultralight Dry Sack (3L), $14.00, 28 gm 1.0 oz 0.06 lb, 3 Liters, No Compression, Waterproof
Outdoor Research Ultralight Dry Sack (5L), $16.00, 34 gm 1.2 oz 0.08 lb, 5 Liters, No Compression, Waterproof
Outdoor Research Ultralight Dry Sack (10L), $18.00, 40 gm 1.4 oz 0.09 lb, 10 Liters, No Compression, Waterproof
Outdoor Research Ultralight Dry Sack (15L), $20.00, 45 gm 1.6 oz 0.10 lb, 15 Liters, No Compression, Waterproof
Outdoor Research Ultralight Dry Sack (20L), $24.00, 51 gm 1.8 oz 0.11 lb, 20 Liters, No Compression, Waterproof
Outdoor Research Ultralight Dry Sack (35L), $30.00, 68 gm 2.4 oz 0.15 lb, 35 Liters, No Compression, Waterproof
Outdoor Research Ultralight Dry Sack (55L), $35.00, 82 gm 2.9 oz 0.18 lb, 55 Liters, No Compression, Waterproof
Outdoor Research Ultralight Z-Compression Sack (8L), $38.00, 68 gm 2.4 oz 0.15 lb, 8 Liters, Compression Straps, Water Resistent
Outdoor Research Ultralight Z-Compression Sack (12L), $42.00, 79 gm 2.8 oz 0.18 lb, 12 Liters, Compression Straps, Water Resistent
Outdoor Research Airpurge Dry Compression Sack (5L), $32.50, 91 gm 3.2 oz 0.20 lb, 5 Liters, Compression Straps + Purges Air, Waterproof
Outdoor Research Airpurge Dry Compression Sack (8L), $35.00, 102 gm 3.6 oz 0.23 lb, 8 Liters, Compression Straps + Purges Air, Waterproof
Outdoor Research Airpurge Dry Compression Sack (10L), $38.00, 128 gm 4.5 oz 0.28 lb, 10 Liters, Compression Straps + Purges Air, Waterproof
Outdoor Research Airpurge Dry Compression Sack (15L), $40.00, 145 gm 5.1 oz 0.32 lb, 15 Liters, Compression Straps + Purges Air, Waterproof
Outdoor Research Airpurge Dry Compression Sack (20L), $42.50, 162 gm 5.7 oz 0.36 lb, 20 Liters, Compression Straps + Purges Air, Waterproof
Outdoor Research Airpurge Dry Compression Sack (35L), $49.00, 187 gm 6.6 oz 0.41 lb, 35 Liters, Compression Straps + Purges Air, Waterproof
Outdoor Research Ultralight Compression Sack (5L), $25.00, 57 gm 2.0 oz 0.13 lb, 5 Liters, Compression Straps, Water Resistent
Outdoor Research Ultralight Compression Sack (8L), $27.50, 65 gm 2.3 oz 0.14 lb, 8 Liters, Compression Straps, Water Resistent
Outdoor Research Ultralight Compression Sack (10L), $30.00, 82 gm 2.9 oz 0.18 lb, 10 Liters, Compression Straps, Water Resistent
Outdoor Research Ultralight Compression Sack (15L), $32.50, 96 gm 3.4 oz 0.21 lb, 15 Liters, Compression Straps, Water Resistent
Outdoor Research Ultralight Compression Sack (20L), $35.00, 102 gm 3.6 oz 0.23 lb, 20 Liters, Compression Straps, Water Resistent
Outdoor Research Ultralight Compression Sack (35L), $39.00, 142 gm 5.0 oz 0.31 lb, 35 Liters, Compression Straps, Water Resistent
Outdoor Research Durable Stuff Sack (5L), $16.00, 57 gm 2.0 oz 0.13 lb, 5 Liters, No Compression, Water Resistent
Outdoor Research Durable Stuff Sack (10L), $17.50, 71 gm 2.5 oz 0.16 lb, 10 Liters, No Compression, Water Resistent
Outdoor Research Durable Stuff Sack (15L), $19.00, 88 gm 3.1 oz 0.19 lb, 15 Liters, No Compression, Water Resistent
Outdoor Research Durable Stuff Sack (35L), $26.00, 150 gm 5.3 oz 0.33 lb, 35 Liters, No Compression, Water Resistent
Outdoor Research Durable Stuff Sack (45L), $29.00, 176 gm 6.2 oz 0.39 lb, 45 Liters, No Compression, Water Resistent
Outdoor Research Ultralight Stuff Sack (5L), $13.50, 20 gm 0.7 oz 0.04 lb, 5 Liters, No Compression, Water Resistent
Outdoor Research Ultralight Stuff Sack (10L), $15.50, 26 gm 0.9 oz 0.06 lb, 10 Liters, No Compression, Water Resistent
Outdoor Research Ultralight Stuff Sack (15L), $17.00, 28 gm 1.0 oz 0.06 lb, 15 Liters, No Compression, Water Resistent
Outdoor Research Ultralight Stuff Sack (20L), $19.50, 34 gm 1.2 oz 0.08 lb, 20 Liters, No Compression, Water Resistent
Outdoor Research Ultralight Stuff Sack (35L), $23.00, 48 gm 1.7 oz 0.11 lb, 35 Liters, No Compression, Water Resistent
Outdoor Research Lightweight Stuff Sack (5L), $12.50, 28 gm 1.0 oz 0.06 lb, 5 Liters, No Compression, Water Resistent
Outdoor Research Lightweight Stuff Sack (10L), $14.50, 37 gm 1.3 oz 0.08 lb, 10 Liters, No Compression, Water Resistent
Outdoor Research Lightweight Stuff Sack (15L), $16.00, 45 gm 1.6 oz 0.10 lb, 15 Liters, No Compression, Water Resistent
Outdoor Research Lightweight Stuff Sack (20L), $18.00, 51 gm 1.8 oz 0.11 lb, 20 Liters, No Compression, Water Resistent
Outdoor Research Lightweight Stuff Sack (35L), $21.50, 77 gm 2.7 oz 0.17 lb, 35 Liters, No Compression, Water Resistent
REI Lightweight Stuff Sack (5L), $11.50, 20 gm 0.7 oz 0.04 lb, 5 Liters, No Compression, Water Resistent
REI Lightweight Stuff Sack (10L), $12.50, 26 gm 0.9 oz 0.06 lb, 10 Liters, No Compression, Water Resistent
REI Lightweight Stuff Sack (15L), $13.50, 28 gm 1.0 oz 0.06 lb, 15 Liters, No Compression, Water Resistent
REI Lightweight Stuff Sack (20L), $14.50, 34 gm 1.2 oz 0.08 lb, 20 Liters, No Compression, Water Resistent
REI Lightweight Compression Stuff Sack (6L), $20.50, 71 gm 2.5 oz 0.16 lb, 6 Liters, Compression Straps, Water Resistent
REI Lightweight Compression Stuff Sack (16L), $22.50, 91 gm 3.2 oz 0.20 lb, 16 Liters, Compression Straps, Water Resistent
REI Lightweight Compression Stuff Sack (21L), $24.50, 99 gm 3.5 oz 0.22 lb, 21 Liters, Compression Straps, Water Resistent
REI Stuff Sack (15L), $8.50, 57 gm 2.0 oz 0.13 lb, 15 Liters, No Compression, Water Resistent
REI Stuff Sack (20L), $9.50, 68 gm 2.4 oz 0.15 lb, 20 Liters, No Compression, Water Resistent
REI Stuff Sack (30L), $10.50, 91 gm 3.2 oz 0.20 lb, 30 Liters, No Compression, Water Resistent
REI Stuff Sack (60L), $11.50, 116 gm 4.1 oz 0.26 lb, 60 Liters, No Compression, Water Resistent
Sea to Summit Ultra-Sil View Dry Sack (1L), $15.95, 22 gm 0.8 oz 0.05 lb, 1 Liters, No Compression, Waterproof
Sea to Summit Ultra-Sil View Dry Sack (2L), $17.95, 28 gm 1.0 oz 0.06 lb, 2 Liters, No Compression, Waterproof
Sea to Summit Ultra-Sil View Dry Sack (4L), $19.95, 33 gm 1.2 oz 0.07 lb, 4 Liters, No Compression, Waterproof
Sea to Summit Ultra-Sil View Dry Sack (8L), $24.95, 43 gm 1.5 oz 0.09 lb, 8 Liters, No Compression, Waterproof
Sea to Summit Ultra-Sil View Dry Sack (13L), $29.95, 53 gm 1.9 oz 0.12 lb, 13 Liters, No Compression, Waterproof
Sea to Summit Ultra-Sil View Dry Sack (20L), $34.95, 66 gm 2.3 oz 0.15 lb, 20 Liters, No Compression, Waterproof
Sea to Summit Ultra-Sil View Dry Sack (35L), $44.95, 85 gm 3.0 oz 0.19 lb, 35 Liters, No Compression, Waterproof
Sea to Summit Ultra-Sil Nano Dry Sack (1L), $12.95, 13 gm 0.5 oz 0.03 lb, 1 Liters, No Compression, Waterproof
Sea to Summit Ultra-Sil Nano Dry Sack (2L), $14.95, 16 gm 0.6 oz 0.04 lb, 2 Liters, No Compression, Waterproof
Sea to Summit Ultra-Sil Nano Dry Sack (4L), $16.95, 19 gm 0.7 oz 0.04 lb, 4 Liters, No Compression, Waterproof
Sea to Summit Ultra-Sil Nano Dry Sack (8L), $19.95, 24 gm 0.8 oz 0.05 lb, 8 Liters, No Compression, Waterproof
Sea to Summit Ultra-Sil Nano Dry Sack (13L), $21.95, 28 gm 1.0 oz 0.06 lb, 13 Liters, No Compression, Waterproof
Sea to Summit Ultra-Sil Nano Dry Sack (20L), $26.95, 36 gm 1.3 oz 0.08 lb, 20 Liters, No Compression, Waterproof
Sea to Summit Ultra-Sil Nano Dry Sack (35L), $34.95, 46 gm 1.6 oz 0.10 lb, 35 Liters, No Compression, Waterproof
Sea to Summit eVent Compression Dry Sack (XS - 6L), $24.95, 107 gm 3.8 oz 0.24 lb, 6 Liters, Compression Straps + Purges Air, Waterproof
Sea to Summit eVent Compression Dry Sack (S - 10L), $32.95, 129 gm 4.6 oz 0.28 lb, 10 Liters, Compression Straps + Purges Air, Waterproof
Sea to Summit eVent Compression Dry Sack (M - 14L), $36.95, 148 gm 5.2 oz 0.33 lb, 14 Liters, Compression Straps + Purges Air, Waterproof
Sea to Summit eVent Compression Dry Sack (L - 20L), $39.95, 168 gm 5.9 oz 0.37 lb, 20 Liters, Compression Straps + Purges Air, Waterproof
Sea to Summit eVent Compression Dry Sack (XL - 30L), $44.95, 210 gm 7.4 oz 0.46 lb, 30 Liters, Compression Straps + Purges Air, Waterproof
Sea to Summit Lightweight Dry Sack (XXS - 1L), $10.95, 28 gm 1.0 oz 0.06 lb, 1 Liters, No Compression, Waterproof
Sea to Summit Lightweight Dry Sack (XS - 2L), $11.95, 40 gm 1.4 oz 0.09 lb, 2 Liters, No Compression, Waterproof
Sea to Summit Lightweight Dry Sack (S - 4L), $13.95, 48 gm 1.7 oz 0.11 lb, 4 Liters, No Compression, Waterproof
Sea to Summit Lightweight Dry Sack (M - 8L), $15.95, 94 gm 3.3 oz 0.21 lb, 8 Liters, No Compression, Waterproof
Sea to Summit Lightweight Dry Sack (L - 13L), $17.95, 105 gm 3.7 oz 0.23 lb, 13 Liters, No Compression, Waterproof
Sea to Summit Lightweight Dry Sack (XL - 20L), $22.95, 119 gm 4.2 oz 0.26 lb, 20 Liters, No Compression, Waterproof
Sea to Summit Lightweight Dry Sack (XXL - 35L), $24.95, 139 gm 4.9 oz 0.31 lb, 35 Liters, No Compression, Waterproof
Sea to Summit Ultra-Sil Dry Sack (XXS - 1L), $11.95, 14 gm 0.5 oz 0.03 lb, 1 Liters, No Compression, Waterproof
Sea to Summit Ultra-Sil Dry Sack (XS - 2L), $12.95, 20 gm 0.7 oz 0.04 lb, 2 Liters, No Compression, Waterproof
Sea to Summit Ultra-Sil Dry Sack (S - 4L), $14.95, 26 gm 0.9 oz 0.06 lb, 4 Liters, No Compression, Waterproof
Sea to Summit Ultra-Sil Dry Sack (M - 8L), $18.95, 31 gm 1.1 oz 0.07 lb, 8 Liters, No Compression, Waterproof
Sea to Summit Ultra-Sil Dry Sack (L - 13L), $21.95, 40 gm 1.4 oz 0.09 lb, 13 Liters, No Compression, Waterproof
Sea to Summit Ultra-Sil Dry Sack (XL - 20L), $23.95, 48 gm 1.7 oz 0.11 lb, 20 Liters, No Compression, Waterproof
Sea to Summit Ultra-Sil Dry Sack (XXL - 35L), $32.95, 62 gm 2.2 oz 0.14 lb, 35 Liters, No Compression, Waterproof
Sea to Summit Compression Sack (XS - 6L), $21.95, 110 gm 3.9 oz 0.24 lb, 6 Liters, Compression Straps, Water Resistent
Sea to Summit Compression Sack (S - 10L), $24.95, 128 gm 4.5 oz 0.28 lb, 10 Liters, Compression Straps, Water Resistent
Sea to Summit Compression Sack (M - 15L), $26.95, 156 gm 5.5 oz 0.34 lb, 15 Liters, Compression Straps, Water Resistent
Sea to Summit Compression Sack (L - 20L), $29.95, 175 gm 6.2 oz 0.39 lb, 20 Liters, Compression Straps, Water Resistent
Sea to Summit Compression Sack (XL - 30L), $34.95, 215 gm 7.6 oz 0.47 lb, 30 Liters, Compression Straps, Water Resistent
Sea to Summit eVac Dry Sack (3L), $17.95, 42 gm 1.5 oz 0.09 lb, 3 Liters, Purges Air, Waterproof
Sea to Summit eVac Dry Sack (5L), $19.95, 48 gm 1.7 oz 0.11 lb, 5 Liters, Purges Air, Waterproof
Sea to Summit eVac Dry Sack (8L), $21.95, 58 gm 2.0 oz 0.13 lb, 8 Liters, Purges Air, Waterproof
Sea to Summit eVac Dry Sack (13L), $24.95, 69 gm 2.4 oz 0.15 lb, 13 Liters, Purges Air, Waterproof
Sea to Summit eVac Dry Sack (20L), $29.95, 86 gm 3.0 oz 0.19 lb, 20 Liters, Purges Air, Waterproof
Sea to Summit eVac Dry Sack (35L), $34.95, 112 gm 4.0 oz 0.25 lb, 35 Liters, Purges Air, Waterproof
Sea to Summit eVac Dry Sack (65L), $39.95, 148 gm 5.2 oz 0.33 lb, 65 Liters, Purges Air, Waterproof
Sea to Summit Seam Sealed Stuff Sack (XXS - 2.5L), $8.95, 28 gm 1.0 oz 0.06 lb, 2.5 Liters, No Compression, Waterproof
Sea to Summit Seam Sealed Stuff Sack (XS - 4L), $9.95, 34 gm 1.2 oz 0.08 lb, 4 Liters, No Compression, Waterproof
Sea to Summit Seam Sealed Stuff Sack (S - 6.5L), $11.95, 43 gm 1.5 oz 0.09 lb, 6.5 Liters, No Compression, Waterproof
Sea to Summit Seam Sealed Stuff Sack (M - 9L), $12.95, 51 gm 1.8 oz 0.11 lb, 9 Liters, No Compression, Waterproof
Sea to Summit Seam Sealed Stuff Sack (L - 15L), $13.95, 60 gm 2.1 oz 0.13 lb, 15 Liters, No Compression, Waterproof
Sea to Summit Seam Sealed Stuff Sack (XL - 20L), $15.95, 77 gm 2.7 oz 0.17 lb, 20 Liters, No Compression, Waterproof
Sea to Summit Seam Sealed Stuff Sack (XXL - 30L), $17.95, 91 gm 3.2 oz 0.20 lb, 30 Liters, No Compression, Waterproof
Sea to Summit Stuff Sack (XXS - 2.5L), $6.95, 24 gm 0.8 oz 0.05 lb, 2.5 Liters, No Compression, Water Resistent
Sea to Summit Stuff Sack (XS - 4L), $7.95, 32 gm 1.1 oz 0.07 lb, 4 Liters, No Compression, Water Resistent
Sea to Summit Stuff Sack (S - 6.5L), $9.95, 40 gm 1.4 oz 0.09 lb, 6.5 Liters, No Compression, Water Resistent
Sea to Summit Stuff Sack (M - 9L), $10.95, 52 gm 1.8 oz 0.11 lb, 9 Liters, No Compression, Water Resistent
Sea to Summit Stuff Sack (L - 15L), $11.95, 68 gm 2.4 oz 0.15 lb, 15 Liters, No Compression, Water Resistent
Sea to Summit Stuff Sack (XL - 20L), $13.95, 80 gm 2.8 oz 0.18 lb, 20 Liters, No Compression, Water Resistent
Sea to Summit Stuff Sack (XXL - 30L), $15.95, 102 gm 3.6 oz 0.22 lb, 30 Liters, No Compression, Water Resistent
Sea to Summit Ultra-Sil Compression Sack (XS - 6L), $23.95, 68 gm 2.4 oz 0.15 lb, 6 Liters, Compression Straps, Water Resistent
Sea to Summit Ultra-Sil Compression Sack (S - 10L), $28.95, 74 gm 2.6 oz 0.16 lb, 10 Liters, Compression Straps, Water Resistent
Sea to Summit Ultra-Sil Compression Sack (M - 15L), $32.95, 85 gm 3.0 oz 0.19 lb, 15 Liters, Compression Straps, Water Resistent
Sea to Summit Ultra-Sil Compression Sack (L - 20L), $36.95, 94 gm 3.3 oz 0.21 lb, 20 Liters, Compression Straps, Water Resistent
Sea to Summit Ultra-Sil Compression Sack (XL - 30L), $39.95, 116 gm 4.1 oz 0.26 lb, 30 Liters, Compression Straps, Water Resistent
Sea to Summit Ultra-Sil Stuff Sack (XXS - 2.5L), $9.95, 11 gm 0.4 oz 0.02 lb, 2.5 Liters, No Compression, Water Resistent
Sea to Summit Ultra-Sil Stuff Sack (XS - 4L), $10.95, 14 gm 0.5 oz 0.03 lb, 4 Liters, No Compression, Water Resistent
Sea to Summit Ultra-Sil Stuff Sack (S - 6.5L), $11.95, 17 gm 0.6 oz 0.04 lb, 6.5 Liters, No Compression, Water Resistent
Sea to Summit Ultra-Sil Stuff Sack (M - 9L), $12.95, 20 gm 0.7 oz 0.04 lb, 9 Liters, No Compression, Water Resistent
Sea to Summit Ultra-Sil Stuff Sack (L - 15L), $14.95, 28 gm 1.0 oz 0.06 lb, 15 Liters, No Compression, Water Resistent
Sea to Summit Ultra-Sil Stuff Sack (XL - 20L), $16.95, 34 gm 1.2 oz 0.07 lb, 20 Liters, No Compression, Water Resistent
Sea to Summit Ultra-Sil Stuff Sack (XXL - 30L), $18.95, 40 gm 1.4 oz 0.09 lb, 30 Liters, No Compression, Water Resistent
SealLine Cirrus Sack (2.5L), $14.95, 29 gm 1.0 oz 0.06 lb, 2.5 Liters, No Compression, Waterproof
SealLine Cirrus Sack (5L), $16.95, 34 gm 1.2 oz 0.07 lb, 5 Liters, No Compression, Waterproof
SealLine Cirrus Sack (10L), $19.95, 49 gm 1.7 oz 0.11 lb, 10 Liters, No Compression, Waterproof
SealLine Cirrus Sack (20L), $24.95, 64 gm 2.3 oz 0.14 lb, 20 Liters, No Compression, Waterproof
SealLine Cirrus Sack (30L), $29.95, 80 gm 2.8 oz 0.18 lb, 30 Liters, No Compression, Waterproof
SealLine Storm Sack (2.5L), $12.95, 45 gm 1.6 oz 0.10 lb, 2.5 Liters, No Compression, Waterproof
SealLine Storm Sack (5L), $14.95, 62 gm 2.2 oz 0.14 lb, 5 Liters, No Compression, Waterproof
SealLine Storm Sack (10L), $17.95, 77 gm 2.7 oz 0.17 lb, 10 Liters, No Compression, Waterproof
SealLine Storm Sack (20L), $21.95, 108 gm 3.8 oz 0.24 lb, 20 Liters, No Compression, Waterproof
SealLine Storm Sack (25L), $26.95, 115 gm 4.1 oz 0.25 lb, 25 Liters, No Compression, Waterproof
SealLine Storm Sack (35L), $31.95, 168 gm 5.9 oz 0.37 lb, 35 Liters, No Compression, Waterproof
SealLine Storm Sack (60L), $37.95, 240 gm 8.5 oz 0.53 lb, 60 Liters, No Compression, Waterproof
Therm-a-Rest Universal Stuff Sack (15L), $14.95, 48 gm 1.7 oz 0.11 lb, 15 Liters, No Compression, Water Resistent
Therm-a-Rest Universal Stuff Sack (11.5L), $14.95, 34 gm 1.2 oz 0.07 lb, 11.5 Liters, No Compression, Water Resistent
Therm-a-Rest Universal Stuff Sack (7L), $12.95, 34 gm 1.2 oz 0.07 lb, 7 Liters, No Compression, Waterproof
Therm-a-Rest Universal Stuff Sack (5L), $12.95, 26 gm 0.9 oz 0.06 lb, 5 Liters, No Compression, Water Resistent
Therm-a-Rest Universal Stuff Sack (4L), $12.95, 23 gm 0.8 oz 0.05 lb, 4 Liters, No Compression, Water Resistent
Therm-a-Rest Universal Stuff Sack (1.5L), $12.95, 14 gm 0.5 oz 0.03 lb, 1.5 Liters, No Compression, Water Resistent
Therm-a-Rest Universal Stuff Sack (2L), $12.95, 16 gm 0.6 oz 0.04 lb, 2 Liters, No Compression, Water Resistent
Therm-a-Rest Universal Stuff Sack (3L), $12.95, 20 gm 0.7 oz 0.04 lb, 3 Liters, No Compression, Water Resistent
Therm-a-Rest Universal Stuff Sack (26L), $19.95, 67 gm 2.4 oz 0.15 lb, 26 Liters, No Compression, Water Resistent
Therm-a-Rest Universal Stuff Sack (36L), $19.95, 81 gm 2.9 oz 0.18 lb, 36 Liters, No Compression, Water Resistent
Therm-a-Rest GearView Waterproof Stuff Sack (R - 12L), $27.95, 170 gm 6.0 oz 0.37 lb, 12 Liters, No Compression, Waterproof
Therm-a-Rest GearView Waterproof Stuff Sack (L - 18L), $29.95, 200 gm 7.1 oz 0.44 lb, 18 Liters, No Compression, Waterproof
Exped Schnozzel Pumpbag, $29.95, 70 gm 2.5 oz 0.15 lb, 45 Liters, No Compression, Waterproof